Workbook

Sheet 汇总
A1: 资讯课2024年9月考勤统计
A2: 编号 | B2: 姓名 | C2: 平时 加班 (天) | D2: 假日 加班 (天) | E2: 迟到 (天) | F2: 停工 待料 (天) | G2: 请假 (天) | H2: 休假 (天) | I2: 上月预留 加班时间 （天） | J2: 备注
A3: 1 | B3: 潘德胜 | C3: =潘德胜!F27/8 -> 2.775 | D3: =潘德胜!F28/8 -> 1.05
A4: 2 | B4: 刘剑 | C4: =刘剑!F27/8 -> 2.3125 | D4: =刘剑!F28/8 -> 2.7 | H4: 1 | J4: 14号休年假1天
A5: 3 | B5: 何兆辉 | C5: =(何兆辉!F33/8) -> 2.6125 | D5: =何兆辉!F34/8 -> 0.0625 | J5: 11号调休0.5小时，已从加班时间扣
A6: 4 | B6: 周俊杰 | C6: =周俊杰!F25/8 -> 1.1625 | D6: =周俊杰!F26/8 -> 0
A7: 5 | B7: 张关南 | C7: =张关南!F26/8 -> 4.2125 | D7: =张关南!F27/8 -> 7
A8: 6 | B8: 郑枫 | C8: =郑枫!F28/8 -> 1.9375 | D8: =郑枫!F29/8 -> 2.25 | H8: 1 | J8: 14号休年假1天
A9: 7 | B9: 麦国鹏 | C9: =麦国鹏!F18/8 -> 0.325 | D9: =麦国鹏!F19/8 -> 0
A10: 8 | B10: 廖曦龙 | C10: =廖曦龙!F24/8 -> 4.175 | D10: =廖曦龙!F25/8 -> 1.6875 | J10: 18号早上调休0.5小时、下午调休2小时，已从加班时间扣
A11: 9 | B11: 许川 | C11: =许川!F22/8 -> 0.9125 | D11: =许川!F23/8 -> 2.25 | G11: 0.0625 | H11: 0.5 | J11: 14号休年假0.5天；14号请假0.5小时；14号调休3.5小时，已从加班时间扣
A12: 10 | B12: 黄初旺 | C12: =黄初旺!F20/8 -> 1.3125 | D12: =黄初旺!F21/8 -> 0 | H12: 0.5 | J12: 14号休年假0.5天

Sheet 潘德胜
A1: 资讯课加班表
A2: 姓名：潘德胜 | E2: 备注：节日用1表示，非节日留空
A3: 日期 | B3: 星期 | C3: 节日 | D3: 开始时间 | E3: 结束时间 | F3: 加班时长(H) | G3: 加班原因
A4: 45545 | B4: =IF(A4="","",TEXT(WEEKDAY(A4,1),"AAAA")) -> 星期二 | D4: 0.70833333 | E4: 0.95833333 | F4: =INT((HOUR(E4-D4)*60+MINUTE(E4-D4))/6)/10 -> 6 | G4: 仓库初始化
A5: 45546 | B5: =IF(A5="","",TEXT(WEEKDAY(A5,1),"AAAA")) -> 星期三 | D5: 0.70833333 | E5: 0.84375 | F5: =INT((HOUR(E5-D5)*60+MINUTE(E5-D5))/6)/10 -> 3.2 | G5: 数字化配置
A6: 45547 | B6: =IF(A6="","",TEXT(WEEKDAY(A6,1),"AAAA")) -> 星期四 | D6: 0.70833333 | E6: 0.86805556 | F6: =INT((HOUR(E6-D6)*60+MINUTE(E6-D6))/6)/10 -> 3.8 | G6: 数字化开发
A7: 45553 | B7: =IF(A7="","",TEXT(WEEKDAY(A7,1),"AAAA")) -> 星期三 | D7: 0.70833333 | E7: 0.81944444 | F7: =INT((HOUR(E7-D7)*60+MINUTE(E7-D7))/6)/10 -> 2.6 | G7: 数字化开发
A8: 45556 | B8: =IF(A8="","",TEXT(WEEKDAY(A8,1),"AAAA")) -> 星期六 | C8: 1 | D8: 0.35763889 | E8: 0.70833333 | F8: =INT((HOUR(E8-D8)*60+MINUTE(E8-D8))/6)/10 -> 8.4 | G8: 数字化优化开发
A9: 45558 | B9: =IF(A9="","",TEXT(WEEKDAY(A9,1),"AAAA")) -> 星期一 | D9: 0.70833333 | E9: 0.79166667 | F9: =INT((HOUR(E9-D9)*60+MINUTE(E9-D9))/6)/10 -> 2 | G9: 数字化开发加班
A10: 45559 | B10: =IF(A10="","",TEXT(WEEKDAY(A10,1),"AAAA")) -> 星期二 | D10: 0.70833333 | E10: 0.78472222 | F10: 1.4 | G10: 数字化报表开发
A11: 45560 | B11: =IF(A11="","",TEXT(WEEKDAY(A11,1),"AAAA")) -> 星期三 | D11: 0.70833333 | E11: 0.80208333 | F11: =INT((HOUR(E11-D11)*60+MINUTE(E11-D11))/6)/10 -> 2.2 | G11: 数字化开发
A12: 45562 | B12: =IF(A12="","",TEXT(WEEKDAY(A12,1),"AAAA")) -> 星期五 | D12: 0.70833333 | E12: 0.75 | F12: =INT((HOUR(E12-D12)*60+MINUTE(E12-D12))/6)/10 -> 1 | G12: 数字化仓库规划
B13: =IF(A13="","",TEXT(WEEKDAY(A13,1),"AAAA")) | F13: =INT((HOUR(E13-D13)*60+MINUTE(E13-D13))/6)/10 -> 0
B14: =IF(A14="","",TEXT(WEEKDAY(A14,1),"AAAA")) | F14: =INT((HOUR(E14-D14)*60+MINUTE(E14-D14))/6)/10 -> 0
B15: =IF(A15="","",TEXT(WEEKDAY(A15,1),"AAAA")) | F15: =INT((HOUR(E15-D15)*60+MINUTE(E15-D15))/6)/10 -> 0
B16: =IF(A16="","",TEXT(WEEKDAY(A16,1),"AAAA")) | F16: =INT((HOUR(E16-D16)*60+MINUTE(E16-D16))/6)/10 -> 0
B17: =IF(A17="","",TEXT(WEEKDAY(A17,1),"AAAA")) | F17: =INT((HOUR(E17-D17)*60+MINUTE(E17-D17))/6)/10 -> 0
B18: =IF(A18="","",TEXT(WEEKDAY(A18,1),"AAAA")) | F18: =INT((HOUR(E18-D18)*60+MINUTE(E18-D18))/6)/10 -> 0
B19: =IF(A19="","",TEXT(WEEKDAY(A19,1),"AAAA")) | F19: =INT((HOUR(E19-D19)*60+MINUTE(E19-D19))/6)/10 -> 0
B20: =IF(A20="","",TEXT(WEEKDAY(A20,1),"AAAA")) | F20: =INT((HOUR(E20-D20)*60+MINUTE(E20-D20))/6)/10 -> 0
B21: =IF(A21="","",TEXT(WEEKDAY(A21,1),"AAAA")) | F21: =INT((HOUR(E21-D21)*60+MINUTE(E21-D21))/6)/10 -> 0
B22: =IF(A22="","",TEXT(WEEKDAY(A22,1),"AAAA")) | F22: =INT((HOUR(E22-D22)*60+MINUTE(E22-D22))/6)/10 -> 0
B23: =IF(A23="","",TEXT(WEEKDAY(A23,1),"AAAA")) | F23: =INT((HOUR(E23-D23)*60+MINUTE(E23-D23))/6)/10 -> 0
B24: =IF(A24="","",TEXT(WEEKDAY(A24,1),"AAAA")) | F24: =INT((HOUR(E24-D24)*60+MINUTE(E24-D24))/6)/10 -> 0
B25: =IF(A25="","",TEXT(WEEKDAY(A25,1),"AAAA")) | F25: =INT((HOUR(E25-D25)*60+MINUTE(E25-D25))/6)/10 -> 0
A26: 合计（H） | F26: =SUM(F4:F25) -> 30.6
A27: 平时加班合计（H） | F27: =SUMIF($C$4:$C$25,"",F4:F25) -> 22.2
A28: 假日加班合计（H） | F28: =SUMIF($C$4:$C$25,"1",F4:F25) -> 8.4

Sheet 刘剑
A1: 资讯课加班表
A2: 姓名：刘剑 | E2: 备注：节日用1表示，非节日留空
A3: 日期 | B3: 星期 | C3: 节日 | D3: 开始时间 | E3: 结束时间 | F3: 加班时长(H) | G3: 加班原因
A4: 45537 | B4: =IF(A4="","",TEXT(WEEKDAY(A4,1),"AAAA")) -> 星期一 | D4: 0.92986111 | E4: 0.022916667 | F4: 2.1 | G4: 战情报表问题跟进
A5: 45537 | B5: =IF(A5="","",TEXT(WEEKDAY(A5,1),"AAAA")) -> 星期一 | D5: 0.70833333 | E5: 0.77777778 | F5: =INT((HOUR(E5-D5)*60+MINUTE(E5-D5))/6)/10 -> 1.6 | G5: 数字化事项跟进
A6: 45539 | B6: =IF(A6="","",TEXT(WEEKDAY(A6,1),"AAAA")) -> 星期三 | D6: 0.70833333 | E6: 0.75347222 | F6: =INT((HOUR(E6-D6)*60+MINUTE(E6-D6))/6)/10 -> 1 | G6: 数字化事项跟进
A7: 45542 | B7: =IF(A7="","",TEXT(WEEKDAY(A7,1),"AAAA")) -> 星期六 | C7: 1 | D7: 0.42847222 | E7: 0.56875 | F7: =INT((HOUR(E7-D7)*60+MINUTE(E7-D7))/6)/10 -> 3.3 | G7: 路由问题跟进
A8: 45544 | B8: =IF(A8="","",TEXT(WEEKDAY(A8,1),"AAAA")) -> 星期一 | D8: 0.70833333 | E8: 0.88958333 | F8: =INT((HOUR(E8-D8)*60+MINUTE(E8-D8))/6)/10 -> 4.3 | G8: 路由访问问题跟进
A9: 45545 | B9: =IF(A9="","",TEXT(WEEKDAY(A9,1),"AAAA")) -> 星期二 | D9: 0.70833333 | E9: 0.73611111 | F9: =INT((HOUR(E9-D9)*60+MINUTE(E9-D9))/6)/10 -> 0.6 | G9: 数字化事项跟进
A10: 45546 | B10: =IF(A10="","",TEXT(WEEKDAY(A10,1),"AAAA")) -> 星期三 | D10: 0.70833333 | E10: 0.75 | F10: =INT((HOUR(E10-D10)*60+MINUTE(E10-D10))/6)/10 -> 1 | G10: 数字化事项跟进
A11: 45552 | B11: =IF(A11="","",TEXT(WEEKDAY(A11,1),"AAAA")) -> 星期二 | C11: 1 | D11: 0.33333333 | E11: 0.80208333 | F11: 10.3 | G11: 数字化事项跟进
A12: 45553 | B12: =IF(A12="","",TEXT(WEEKDAY(A12,1),"AAAA")) -> 星期三 | D12: 0.70833333 | E12: 0.84236111 | F12: =INT((HOUR(E12-D12)*60+MINUTE(E12-D12))/6)/10 -> 3.2 | G12: 数字化事项跟进
A13: 45556 | B13: =IF(A13="","",TEXT(WEEKDAY(A13,1),"AAAA")) -> 星期六 | C13: 1 | D13: 0.33333333 | E13: 0.72847222 | F13: 8 | G13: 数字化事项跟进
A14: 45558 | B14: =IF(A14="","",TEXT(WEEKDAY(A14,1),"AAAA")) -> 星期一 | D14: 0.70833333 | E14: 0.8125 | F14: =INT((HOUR(E14-D14)*60+MINUTE(E14-D14))/6)/10 -> 2.5 | G14: 数字化事项跟进
A15: 45560 | B15: =IF(A15="","",TEXT(WEEKDAY(A15,1),"AAAA")) -> 星期三 | D15: 0.70833333 | E15: 0.80277778 | F15: =INT((HOUR(E15-D15)*60+MINUTE(E15-D15))/6)/10 -> 2.2 | G15: 数字化事项跟进
B16: =IF(A16="","",TEXT(WEEKDAY(A16,1),"AAAA")) | F16: =INT((HOUR(E16-D16)*60+MINUTE(E16-D16))/6)/10 -> 0
B17: =IF(A17="","",TEXT(WEEKDAY(A17,1),"AAAA")) | F17: =INT((HOUR(E17-D17)*60+MINUTE(E17-D17))/6)/10 -> 0
B18: =IF(A18="","",TEXT(WEEKDAY(A18,1),"AAAA")) | F18: =INT((HOUR(E18-D18)*60+MINUTE(E18-D18))/6)/10 -> 0
B19: =IF(A19="","",TEXT(WEEKDAY(A19,1),"AAAA")) | F19: =INT((HOUR(E19-D19)*60+MINUTE(E19-D19))/6)/10 -> 0
B20: =IF(A20="","",TEXT(WEEKDAY(A20,1),"AAAA")) | F20: =INT((HOUR(E20-D20)*60+MINUTE(E20-D20))/6)/10 -> 0
B21: =IF(A21="","",TEXT(WEEKDAY(A21,1),"AAAA")) | F21: =INT((HOUR(E21-D21)*60+MINUTE(E21-D21))/6)/10 -> 0
B22: =IF(A22="","",TEXT(WEEKDAY(A22,1),"AAAA")) | F22: =INT((HOUR(E22-D22)*60+MINUTE(E22-D22))/6)/10 -> 0
B23: =IF(A23="","",TEXT(WEEKDAY(A23,1),"AAAA")) | F23: =INT((HOUR(E23-D23)*60+MINUTE(E23-D23))/6)/10 -> 0
B24: =IF(A24="","",TEXT(WEEKDAY(A24,1),"AAAA")) | F24: =INT((HOUR(E24-D24)*60+MINUTE(E24-D24))/6)/10 -> 0
B25: =IF(A25="","",TEXT(WEEKDAY(A25,1),"AAAA")) | F25: =INT((HOUR(E25-D25)*60+MINUTE(E25-D25))/6)/10 -> 0
A26: 合计（H） | F26: =SUM(F4:F25) -> 40.1
A27: 平时加班合计（H） | F27: =SUMIF($C$4:$C$25,"",F4:F25) -> 18.5
A28: 假日加班合计（H） | F28: =SUMIF($C$4:$C$25,"1",F4:F25) -> 21.6

Sheet 何兆辉
A1: 资讯课加班表
A2: 姓名：何兆辉 | E2: 备注：节日用1表示，非节日留空
A3: 日期 | B3: 星期 | C3: 节日 | D3: 开始时间 | E3: 结束时间 | F3: 加班时长(H) | G3: 加班原因
A4: 45537 | B4: =IF(A4="","",TEXT(WEEKDAY(A4,1),"AAAA")) -> 星期一 | D4: 0.70833333 | E4: 0.79166667 | F4: =INT((HOUR(E4-D4)*60+MINUTE(E4-D4))/6)/10 -> 2 | G4: 月饼数据统计
A5: 45538 | B5: =IF(A5="","",TEXT(WEEKDAY(A5,1),"AAAA")) -> 星期二 | D5: 0.70833333 | E5: 0.79166667 | F5: =INT((HOUR(E5-D5)*60+MINUTE(E5-D5))/6)/10 -> 2 | G5: 月饼数据统计
A6: 45539 | B6: =IF(A6="","",TEXT(WEEKDAY(A6,1),"AAAA")) -> 星期三 | D6: 0.70833333 | E6: 0.79166667 | F6: =INT((HOUR(E6-D6)*60+MINUTE(E6-D6))/6)/10 -> 2 | G6: 月饼数据统计
A7: 45540 | B7: =IF(A7="","",TEXT(WEEKDAY(A7,1),"AAAA")) -> 星期四 | D7: 0.70833333 | E7: 0.74305556 | F7: =INT((HOUR(E7-D7)*60+MINUTE(E7-D7))/6)/10 -> 0.8 | G7: 月饼数据统计
A8: 45541 | B8: =IF(A8="","",TEXT(WEEKDAY(A8,1),"AAAA")) -> 星期五 | D8: 0.70833333 | E8: 0.73611111 | F8: =INT((HOUR(E8-D8)*60+MINUTE(E8-D8))/6)/10 -> 0.6 | G8: 月饼数据统计
A9: 45544 | B9: =IF(A9="","",TEXT(WEEKDAY(A9,1),"AAAA")) -> 星期一 | D9: 0.70833333 | E9: 0.83333333 | F9: =INT((HOUR(E9-D9)*60+MINUTE(E9-D9))/6)/10 -> 3 | G9: 月饼数据统计
A10: 45545 | B10: =IF(A10="","",TEXT(WEEKDAY(A10,1),"AAAA")) -> 星期二 | D10: 0.70833333 | E10: 0.72916667 | F10: =INT((HOUR(E10-D10)*60+MINUTE(E10-D10))/6)/10 -> 0.5 | G10: 月饼数据统计
A11: 45546 | B11: =IF(A11="","",TEXT(WEEKDAY(A11,1),"AAAA")) -> 星期三 | D11: 0.70833333 | E11: 0.8125 | F11: =INT((HOUR(E11-D11)*60+MINUTE(E11-D11))/6)/10 -> 2.5 | G11: 月饼数据统计
A12: 45547 | B12: =IF(A12="","",TEXT(WEEKDAY(A12,1),"AAAA")) -> 星期四 | D12: 0.70833333 | E12: 0.79166667 | F12: =INT((HOUR(E12-D12)*60+MINUTE(E12-D12))/6)/10 -> 2 | G12: 月饼数据统计
A13: 45548 | B13: =IF(A13="","",TEXT(WEEKDAY(A13,1),"AAAA")) -> 星期五 | D13: 0.70833333 | E13: 0.8125 | F13: =INT((HOUR(E13-D13)*60+MINUTE(E13-D13))/6)/10 -> 2.5 | G13: 月饼数据统计
A14: 45549 | B14: =IF(A14="","",TEXT(WEEKDAY(A14,1),"AAAA")) -> 星期六 | D14: 0.70833333 | E14: 0.8125 | F14: =INT((HOUR(E14-D14)*60+MINUTE(E14-D14))/6)/10 -> 2.5 | G14: 月饼数据统计
A15: 45551 | B15: =IF(A15="","",TEXT(WEEKDAY(A15,1),"AAAA")) -> 星期一 | C15: 1 | D15: 0.75 | E15: 0.77083333 | F15: =INT((HOUR(E15-D15)*60+MINUTE(E15-D15))/6)/10 -> 0.5 | G15: 月饼数据统计
A16: 45560 | B16: =IF(A16="","",TEXT(WEEKDAY(A16,1),"AAAA")) -> 星期三 | D16: 0.72916667 | E16: 0.77083333 | F16: =INT((HOUR(E16-D16)*60+MINUTE(E16-D16))/6)/10 -> 1 | G16: 二楼会议室场地布置
B17: =IF(A17="","",TEXT(WEEKDAY(A17,1),"AAAA")) | F17: =INT((HOUR(E17-D17)*60+MINUTE(E17-D17))/6)/10 -> 0
B18: =IF(A18="","",TEXT(WEEKDAY(A18,1),"AAAA")) | F18: =INT((HOUR(E18-D18)*60+MINUTE(E18-D18))/6)/10 -> 0
B19: =IF(A19="","",TEXT(WEEKDAY(A19,1),"AAAA")) | F19: =INT((HOUR(E19-D19)*60+MINUTE(E19-D19))/6)/10 -> 0
B20: =IF(A20="","",TEXT(WEEKDAY(A20,1),"AAAA")) | F20: =INT((HOUR(E20-D20)*60+MINUTE(E20-D20))/6)/10 -> 0
B21: =IF(A21="","",TEXT(WEEKDAY(A21,1),"AAAA")) | F21: =INT((HOUR(E21-D21)*60+MINUTE(E21-D21))/6)/10 -> 0
B22: =IF(A22="","",TEXT(WEEKDAY(A22,1),"AAAA")) | F22: =INT((HOUR(E22-D22)*60+MINUTE(E22-D22))/6)/10 -> 0
B23: =IF(A23="","",TEXT(WEEKDAY(A23,1),"AAAA")) | F23: =INT((HOUR(E23-D23)*60+MINUTE(E23-D23))/6)/10 -> 0
B24: =IF(A24="","",TEXT(WEEKDAY(A24,1),"AAAA")) | F24: =INT((HOUR(E24-D24)*60+MINUTE(E24-D24))/6)/10 -> 0
F25: =INT((HOUR(E25-D25)*60+MINUTE(E25-D25))/6)/10 -> 0
F26: =INT((HOUR(E26-D26)*60+MINUTE(E26-D26))/6)/10 -> 0
F27: =INT((HOUR(E27-D27)*60+MINUTE(E27-D27))/6)/10 -> 0
F28: =INT((HOUR(E28-D28)*60+MINUTE(E28-D28))/6)/10 -> 0
F29: =INT((HOUR(E29-D29)*60+MINUTE(E29-D29))/6)/10 -> 0
F30: =INT((HOUR(E30-D30)*60+MINUTE(E30-D30))/6)/10 -> 0
F31: =INT((HOUR(E31-D31)*60+MINUTE(E31-D31))/6)/10 -> 0
A32: 合计（H） | F32: =SUM(F4:F31) -> 21.9
A33: 平时加班合计（H） | F33: =SUMIF($C$4:$C$31,"",F4:F31)-0.5 -> 20.9
A34: 假日加班合计（H） | F34: =SUMIF($C$4:$C$31,"1",F4:F31) -> 0.5

Sheet 周俊杰
A1: 资讯课加班表
A2: 姓名：周俊杰 | E2: 备注：节日用1表示，非节日留空
A3: 日期 | B3: 星期 | C3: 节日 | D3: 开始时间 | E3: 结束时间 | F3: 加班时长(H) | G3: 加班原因
A4: 45537 | B4: =IF(A4="","",TEXT(WEEKDAY(A4,1),"AAAA")) -> 星期一 | D4: 0.70833333 | E4: 0.8125 | F4: 2 | G4: 程序开发
A5: 45544 | B5: =IF(A5="","",TEXT(WEEKDAY(A5,1),"AAAA")) -> 星期一 | D5: 0.70833333 | E5: 0.77083333 | F5: 1 | G5: 程序开发
A6: 45553 | B6: =IF(A6="","",TEXT(WEEKDAY(A6,1),"AAAA")) -> 星期三 | D6: 0.70833333 | E6: 0.85972222 | F6: =INT((HOUR(E6-D6)*60+MINUTE(E6-D6))/6)/10 -> 3.6 | G6: 程序开发
A7: 45558 | B7: =IF(A7="","",TEXT(WEEKDAY(A7,1),"AAAA")) -> 星期一 | D7: 0.70833333 | E7: 0.82083333 | F7: =INT((HOUR(E7-D7)*60+MINUTE(E7-D7))/6)/10 -> 2.7 | G7: 程序开发
B8: =IF(A8="","",TEXT(WEEKDAY(A8,1),"AAAA")) | F8: =INT((HOUR(E8-D8)*60+MINUTE(E8-D8))/6)/10 -> 0
B9: =IF(A9="","",TEXT(WEEKDAY(A9,1),"AAAA")) | F9: =INT((HOUR(E9-D9)*60+MINUTE(E9-D9))/6)/10 -> 0
B10: =IF(A10="","",TEXT(WEEKDAY(A10,1),"AAAA")) | F10: =INT((HOUR(E10-D10)*60+MINUTE(E10-D10))/6)/10 -> 0
B11: =IF(A11="","",TEXT(WEEKDAY(A11,1),"AAAA")) | F11: =INT((HOUR(E11-D11)*60+MINUTE(E11-D11))/6)/10 -> 0
B12: =IF(A12="","",TEXT(WEEKDAY(A12,1),"AAAA")) | F12: =INT((HOUR(E12-D12)*60+MINUTE(E12-D12))/6)/10 -> 0
B13: =IF(A13="","",TEXT(WEEKDAY(A13,1),"AAAA")) | F13: =INT((HOUR(E13-D13)*60+MINUTE(E13-D13))/6)/10 -> 0
B14: =IF(A14="","",TEXT(WEEKDAY(A14,1),"AAAA")) | F14: =INT((HOUR(E14-D14)*60+MINUTE(E14-D14))/6)/10 -> 0
B15: =IF(A15="","",TEXT(WEEKDAY(A15,1),"AAAA")) | F15: =INT((HOUR(E15-D15)*60+MINUTE(E15-D15))/6)/10 -> 0
B16: =IF(A16="","",TEXT(WEEKDAY(A16,1),"AAAA")) | F16: =INT((HOUR(E16-D16)*60+MINUTE(E16-D16))/6)/10 -> 0
B17: =IF(A17="","",TEXT(WEEKDAY(A17,1),"AAAA")) | F17: =INT((HOUR(E17-D17)*60+MINUTE(E17-D17))/6)/10 -> 0
B18: =IF(A18="","",TEXT(WEEKDAY(A18,1),"AAAA")) | F18: =INT((HOUR(E18-D18)*60+MINUTE(E18-D18))/6)/10 -> 0
B19: =IF(A19="","",TEXT(WEEKDAY(A19,1),"AAAA")) | F19: =INT((HOUR(E19-D19)*60+MINUTE(E19-D19))/6)/10 -> 0
... B23: =IF(A23="","",TEXT(WEEKDAY(A23,1),"AAAA")) | F23: =INT((HOUR(E23-D23)*60+MINUTE(E23-D23))/6)/10 -> 0
A24: 合计（H） | F24: =SUM(F4:F23) -> 9.3
A25: 平时加班合计（H） | F25: =SUMIF($C$4:$C$23,"",F4:F23) -> 9.3
A26: 假日加班合计（H） | F26: =SUMIF($C$4:$C$23,"1",F4:F23) -> 0

Sheet 张关南
A1: 资讯课加班表
A2: 姓名：张关南 | E2: 备注：节日用1表示，非节日留空
A3: 日期 | B3: 星期 | C3: 节日 | D3: 开始时间 | E3: 结束时间 | F3: 加班时长(H) | G3: 加班原因
A4: 45536 | B4: =IF(A4="","",TEXT(WEEKDAY(A4,1),"AAAA")) -> 星期日 | C4: 1 | D4: 0.33333333 | E4: 0.70833333 | F4: 8 | G4: 南昌工厂包材仓库盘点、低耗品仓库初始化
A5: 45537 | B5: =IF(A5="","",TEXT(WEEKDAY(A5,1),"AAAA")) -> 星期一 | D5: 0.70833333 | E5: 0 | F5: 7 | G5: 核对南昌工厂低耗品仓库数据
A6: 45538 | B6: =IF(A6="","",TEXT(WEEKDAY(A6,1),"AAAA")) -> 星期二 | D6: 0.70833333 | E6: 0.79166667 | F6: =INT((HOUR(E6-D6)*60+MINUTE(E6-D6))/6)/10 -> 2 | G6: 南昌工厂数字化系统上线
A7: 45539 | B7: =IF(A7="","",TEXT(WEEKDAY(A7,1),"AAAA")) -> 星期三 | D7: 0.70833333 | E7: 0.79166667 | F7: =INT((HOUR(E7-D7)*60+MINUTE(E7-D7))/6)/10 -> 2 | G7: 南昌工厂数字化系统上线
A8: 45540 | B8: =IF(A8="","",TEXT(WEEKDAY(A8,1),"AAAA")) -> 星期四 | D8: 0.70833333 | E8: 0.79166667 | F8: =INT((HOUR(E8-D8)*60+MINUTE(E8-D8))/6)/10 -> 2 | G8: 南昌工厂数字化系统上线
A9: 45541 | B9: =IF(A9="","",TEXT(WEEKDAY(A9,1),"AAAA")) -> 星期五 | D9: 0.70833333 | E9: 0.79166667 | F9: =INT((HOUR(E9-D9)*60+MINUTE(E9-D9))/6)/10 -> 2 | G9: 南昌工厂数字化系统上线
A10: 45542 | B10: =IF(A10="","",TEXT(WEEKDAY(A10,1),"AAAA")) -> 星期六 | C10: 1 | D10: 0.33333333 | E10: 0.70833333 | F10: 8 | G10: 周六值班
A11: 45544 | B11: =IF(A11="","",TEXT(WEEKDAY(A11,1),"AAAA")) -> 星期一 | D11: 0.70833333 | E11: 0.88541667 | F11: =INT((HOUR(E11-D11)*60+MINUTE(E11-D11))/6)/10 -> 4.2 | G11: 南昌工厂数字化系统上线
A12: 45545 | B12: =IF(A12="","",TEXT(WEEKDAY(A12,1),"AAAA")) -> 星期二 | D12: 0.70833333 | E12: 0.95833333 | F12: =INT((HOUR(E12-D12)*60+MINUTE(E12-D12))/6)/10 -> 6 | G12: 南昌工厂数字化系统上线
A13: 45546 | B13: =IF(A13="","",TEXT(WEEKDAY(A13,1),"AAAA")) -> 星期三 | D13: 0.70833333 | E13: 0.83333333 | F13: =INT((HOUR(E13-D13)*60+MINUTE(E13-D13))/6)/10 -> 3 | G13: 南昌工厂数字化系统上线
A14: 45547 | B14: =IF(A14="","",TEXT(WEEKDAY(A14,1),"AAAA")) -> 星期四 | D14: 0.70833333 | E14: 0.85416667 | F14: =INT((HOUR(E14-D14)*60+MINUTE(E14-D14))/6)/10 -> 3.5 | G14: 南昌工厂数字化系统上线
A15: 45549 | B15: =IF(A15="","",TEXT(WEEKDAY(A15,1),"AAAA")) -> 星期六 | D15: 0.70833333 | E15: 0.79166667 | F15: =INT((HOUR(E15-D15)*60+MINUTE(E15-D15))/6)/10 -> 2 | G15: 南昌工厂数字化系统上线
A16: 45550 | B16: =IF(A16="","",TEXT(WEEKDAY(A16,1),"AAAA")) -> 星期日 | C16: 1 | D16: 0.33333333 | E16: 0.70833333 | F16: 8 | G16: 出差南昌工厂回程
A17: 45551 | B17: =IF(A17="","",TEXT(WEEKDAY(A17,1),"AAAA")) -> 星期一 | C17: 1 | D17: 0.33333333 | E17: 0.70833333 | F17: 8 | G17: 中秋假期值班
A18: 45552 | B18: =IF(A18="","",TEXT(WEEKDAY(A18,1),"AAAA")) -> 星期二 | C18: 1 | D18: 0.33333333 | E18: 0.70833333 | F18: 8 | G18: 中秋假期值班
A19: 45556 | B19: =IF(A19="","",TEXT(WEEKDAY(A19,1),"AAAA")) -> 星期六 | C19: 1 | D19: 0.33333333 | E19: 0.70833333 | F19: 8 | G19: 周六值班
A20: 45563 | B20: =IF(A20="","",TEXT(WEEKDAY(A20,1),"AAAA")) -> 星期六 | C20: 1 | D20: 0.33333333 | E20: 0.70833333 | F20: 8 | G20: 周六值班
B21: =IF(A21="","",TEXT(WEEKDAY(A21,1),"AAAA")) | F21: =INT((HOUR(E21-D21)*60+MINUTE(E21-D21))/6)/10 -> 0
B22: =IF(A22="","",TEXT(WEEKDAY(A22,1),"AAAA")) | F22: =INT((HOUR(E22-D22)*60+MINUTE(E22-D22))/6)/10 -> 0
B23: =IF(A23="","",TEXT(WEEKDAY(A23,1),"AAAA")) | F23: =INT((HOUR(E23-D23)*60+MINUTE(E23-D23))/6)/10 -> 0
B24: =IF(A24="","",TEXT(WEEKDAY(A24,1),"AAAA")) | F24: =INT((HOUR(E24-D24)*60+MINUTE(E24-D24))/6)/10 -> 0
A25: 合计（H） | F25: =SUM(F4:F24) -> 89.7
A26: 平时加班合计（H） | F26: =SUMIF($C$4:$C$24,"",F4:F24) -> 33.7
A27: 假日加班合计（H） | F27: =SUMIF($C$4:$C$24,"1",F4:F24) -> 56

Sheet 郑枫
A1: 资讯课加班表
A2: 姓名：郑枫 | E2: 备注：节日用1表示，非节日留空
A3: 日期 | B3: 星期 | C3: 节日 | D3: 开始时间 | E3: 结束时间 | F3: 加班时长(H) | G3: 加班原因
A4: 45537 | B4: =IF(A4="","",A4) -> 45537 | D4: 0.70833333 | E4: 0.79166667 | F4: =INT((HOUR(E4-D4)*60+MINUTE(E4-D4))/6)/10 -> 2 | G4: 生产系统开发
A5: 45539 | B5: =IF(A5="","",A5) -> 45539 | D5: 0.70833333 | E5: 0.8125 | F5: =INT((HOUR(E5-D5)*60+MINUTE(E5-D5))/6)/10 -> 2.5 | G5: 生产系统开发
A6: 45544 | B6: =IF(A6="","",A6) -> 45544 | D6: 0.70833333 | E6: 0.77083333 | F6: 1 | G6: 生产系统开发
A7: 45545 | B7: =IF(A7="","",A7) -> 45545 | D7: 0.70833333 | E7: 0.72916667 | F7: =INT((HOUR(E7-D7)*60+MINUTE(E7-D7))/6)/10 -> 0.5 | G7: 生产系统开发
A8: 45546 | B8: =IF(A8="","",A8) -> 45546 | D8: 0.70833333 | E8: 0.77083333 | F8: 1 | G8: 生产系统开发
A9: 45547 | B9: =IF(A9="","",A9) -> 45547 | D9: 0.70833333 | E9: 0.72916667 | F9: =INT((HOUR(E9-D9)*60+MINUTE(E9-D9))/6)/10 -> 0.5 | G9: 生产系统开发
A10: 45552 | B10: =IF(A10="","",A10) -> 45552 | C10: 1 | D10: 0.33333333 | E10: 0.79166667 | F10: 10 | G10: 生产系统开发
A11: 45553 | B11: =IF(A11="","",A11) -> 45553 | D11: 0.70833333 | E11: 0.83333333 | F11: =INT((HOUR(E11-D11)*60+MINUTE(E11-D11))/6)/10 -> 3 | G11: 生产系统开发
A12: 45554 | B12: =IF(A12="","",A12) -> 45554 | D12: 0.70833333 | E12: 0.72916667 | F12: =INT((HOUR(E12-D12)*60+MINUTE(E12-D12))/6)/10 -> 0.5 | G12: 生产系统开发
A13: 45556 | B13: =IF(A13="","",A13) -> 45556 | C13: 1 | D13: 0.33333333 | E13: 0.70833333 | F13: 8 | G13: 生产系统开发
A14: 45558 | B14: =IF(A14="","",A14) -> 45558 | D14: 0.70833333 | E14: 0.8125 | F14: =INT((HOUR(E14-D14)*60+MINUTE(E14-D14))/6)/10 -> 2.5 | G14: 生产系统开发
A15: 45560 | B15: =IF(A15="","",A15) -> 45560 | D15: 0.70833333 | E15: 0.79166667 | F15: =INT((HOUR(E15-D15)*60+MINUTE(E15-D15))/6)/10 -> 2 | G15: 生产系统开发
B16: =IF(A16="","",A16) | F16: =INT((HOUR(E16-D16)*60+MINUTE(E16-D16))/6)/10 -> 0
B17: =IF(A17="","",A17) | F17: =INT((HOUR(E17-D17)*60+MINUTE(E17-D17))/6)/10 -> 0
B18: =IF(A18="","",A18) | F18: =INT((HOUR(E18-D18)*60+MINUTE(E18-D18))/6)/10 -> 0
B19: =IF(A19="","",A19) | F19: =INT((HOUR(E19-D19)*60+MINUTE(E19-D19))/6)/10 -> 0
B20: =IF(A20="","",A20) | F20: =INT((HOUR(E20-D20)*60+MINUTE(E20-D20))/6)/10 -> 0
B21: =IF(A21="","",A21) | F21: =INT((HOUR(E21-D21)*60+MINUTE(E21-D21))/6)/10 -> 0
B22: =IF(A22="","",A22) | F22: =INT((HOUR(E22-D22)*60+MINUTE(E22-D22))/6)/10 -> 0
B23: =IF(A23="","",A23) | F23: =INT((HOUR(E23-D23)*60+MINUTE(E23-D23))/6)/10 -> 0
B24: =IF(A24="","",A24) | F24: =INT((HOUR(E24-D24)*60+MINUTE(E24-D24))/6)/10 -> 0
B25: =IF(A25="","",A25) | F25: =INT((HOUR(E25-D25)*60+MINUTE(E25-D25))/6)/10 -> 0
B26: =IF(A26="","",A26) | F26: =INT((HOUR(E26-D26)*60+MINUTE(E26-D26))/6)/10 -> 0
A27: 合计（H） | F27: =SUM(F4:F26) -> 33.5
A28: 平时加班合计（H） | F28: =SUMIF($C$4:$C$26,"",F4:F26) -> 15.5
A29: 假日加班合计（H） | F29: =SUMIF($C$4:$C$26,"1",F4:F26) -> 18

Sheet 麦国鹏
A1: 资讯课加班表
A2: 姓名：麦国鹏 | E2: 备注：节日用1表示，非节日留空
A3: 日期 | B3: 星期 | C3: 节日 | D3: 开始时间 | E3: 结束时间 | F3: 加班时长(H) | G3: 加班原因
A4: 45548 | B4: =IF(A4="","",A4) -> 45548 | D4: 0.70833333 | E4: 0.81666667 | F4: =INT((HOUR(E4-D4)*60+MINUTE(E4-D4))/6)/10 -> 2.6 | G4: 人资中秋活动支援
B5: =IF(A5="","",A5) | F5: =INT((HOUR(E5-D5)*60+MINUTE(E5-D5))/6)/10 -> 0
B6: =IF(A6="","",A6) | F6: =INT((HOUR(E6-D6)*60+MINUTE(E6-D6))/6)/10 -> 0
B7: =IF(A7="","",A7) | F7: =INT((HOUR(E7-D7)*60+MINUTE(E7-D7))/6)/10 -> 0
B8: =IF(A8="","",A8) | F8: =INT((HOUR(E8-D8)*60+MINUTE(E8-D8))/6)/10 -> 0
B9: =IF(A9="","",A9) | F9: =INT((HOUR(E9-D9)*60+MINUTE(E9-D9))/6)/10 -> 0
B10: =IF(A10="","",A10) | F10: =INT((HOUR(E10-D10)*60+MINUTE(E10-D10))/6)/10 -> 0
A17: 合计（H） | F17: =SUM(F4:F16) -> 2.6
A18: 平时加班合计（H） | F18: =SUMIF($C$4:$C$16,"",F4:F16) -> 2.6
A19: 假日加班合计（H） | F19: =SUMIF($C$4:$C$16,"1",F4:F16) -> 0

Sheet 廖曦龙
A1: 资讯课加班表
A2: 姓名：廖曦龙 | E2: 备注：节日用1表示，非节日留空
A3: 日期 | B3: 星期 | C3: 节日 | D3: 开始时间 | E3: 结束时间 | F3: 加班时长(H) | G3: 加班原因
A4: 45536 | B4: =IF(A4="","",A4) -> 45536 | C4: 1 | D4: 0.33333333 | E4: 0.70833333 | F4: 8 | G4: 南昌工厂盘点跟踪与易耗品初始化
A5: 45537 | B5: =IF(A5="","",A5) -> 45537 | D5: 0.70833333 | E5: 0.00069444444 | F5: 7 | G5: 南昌工厂易耗品初始化数据核对
A6: 45538 | B6: =IF(A6="","",A6) -> 45538 | D6: 0.70833333 | E6: 0.79444444 | F6: =INT((HOUR(E6-D6)*60+MINUTE(E6-D6))/6)/10 -> 2 | G6: 南昌工厂数字化上线
A7: 45539 | B7: =IF(A7="","",A7) -> 45539 | D7: 0.70833333 | E7: 0.79444444 | F7: =INT((HOUR(E7-D7)*60+MINUTE(E7-D7))/6)/10 -> 2 | G7: 南昌工厂数字化上线
A8: 45540 | B8: =IF(A8="","",A8) -> 45540 | D8: 0.70833333 | E8: 0.79513889 | F8: =INT((HOUR(E8-D8)*60+MINUTE(E8-D8))/6)/10 -> 2 | G8: 南昌工厂数字化上线 食材初始化资料准备
A9: 45541 | B9: =IF(A9="","",A9) -> 45541 | D9: 0.70833333 | E9: 0.79652778 | F9: =INT((HOUR(E9-D9)*60+MINUTE(E9-D9))/6)/10 -> 2.1 | G9: 南昌工厂数字化上线
A10: 45544 | B10: =IF(A10="","",A10) -> 45544 | D10: 0.70833333 | E10: 0.88541667 | F10: =INT((HOUR(E10-D10)*60+MINUTE(E10-D10))/6)/10 -> 4.2 | G10: 南昌工厂食材初始化准备工作➕网络排查协助
A11: 45545 | B11: =IF(A11="","",A11) -> 45545 | D11: 0.70833333 | E11: 0.95833333 | F11: =INT((HOUR(E11-D11)*60+MINUTE(E11-D11))/6)/10 -> 6 | G11: 南昌工厂数字化食材部分初始化
A12: 45546 | B12: =IF(A12="","",A12) -> 45546 | D12: 0.70833333 | E12: 0.83333333 | F12: =INT((HOUR(E12-D12)*60+MINUTE(E12-D12))/6)/10 -> 3 | G12: 南昌工厂数字化上线
A13: 45547 | B13: =IF(A13="","",A13) -> 45547 | D13: 0.70833333 | E13: 0.85416667 | F13: =INT((HOUR(E13-D13)*60+MINUTE(E13-D13))/6)/10 -> 3.5 | G13: 南昌数字化上线
A14: 45548 | B14: =IF(A14="","",A14) -> 45548 | D14: 0.70833333 | E14: 0.72638889 | F14: =INT((HOUR(E14-D14)*60+MINUTE(E14-D14))/6)/10 -> 0.4 | G14: 南昌数字化上线
A15: 45550 | B15: =IF(A15="","",A15) -> 45550 | C15: 1 | D15: 0.33333333 | E15: 0.70833333 | F15: 8 | G15: 值班
A16: 45562 | B16: =IF(A16="","",A16) -> 45562 | D16: 0.70833333 | E16: 0.75972222 | F16: =INT((HOUR(E16-D16)*60+MINUTE(E16-D16))/6)/10 -> 1.2 | G16: 顺德工厂数字化上线
F17: =INT((HOUR(E17-D17)*60+MINUTE(E17-D17))/6)/10 -> 0
F18: =INT((HOUR(E18-D18)*60+MINUTE(E18-D18))/6)/10 -> 0
F19: =INT((HOUR(E19-D19)*60+MINUTE(E19-D19))/6)/10 -> 0
F20: =INT((HOUR(E20-D20)*60+MINUTE(E20-D20))/6)/10 -> 0
F21: =INT((HOUR(E21-D21)*60+MINUTE(E21-D21))/6)/10 -> 0
F22: =INT((HOUR(E22-D22)*60+MINUTE(E22-D22))/6)/10 -> 0
F23: =SUM(F4:F22) -> 49.4
A24: 平时加班合计（H） | F24: =SUMIF($C$4:$C$22,"",F4:F22) -> 33.4
A25: 假日加班合计（H） | F25: =SUMIF($C$4:$C$22,"1",F4:F22)-2.5 -> 13.5

Sheet 许川
A1: 资讯课加班表
A2: 姓名：许川 | E2: 备注：节日用1表示，非节日留空
A3: 日期 | B3: 星期 | C3: 节日 | D3: 开始时间 | E3: 结束时间 | F3: 加班时长(H) | G3: 加班原因
A4: 45537 | B4: =IF(A4="","",A4) -> 45537 | D4: 0.70833333 | E4: 0.79166667 | F4: =INT((HOUR(E4-D4)*60+MINUTE(E4-D4))/6)/10 -> 2 | G4: 数字化开发加班
A5: 45539 | B5: =IF(A5="","",A5) -> 45539 | D5: 0.70833333 | E5: 0.75347222 | F5: 0.5 | G5: 数字化开发加班
A6: 45544 | B6: =IF(A6="","",A6) -> 45544 | D6: 0.70833333 | E6: 0.77083333 | F6: 1 | G6: 数字化开发加班
A7: 45552 | B7: =IF(A7="","",A7) -> 45552 | C7: 1 | D7: 0.33333333 | E7: 0.79166667 | F7: 10 | G7: 数字化开发加班
A8: 45553 | B8: =IF(A8="","",A8) -> 45553 | D8: 0.70833333 | E8: 0.83333333 | F8: =INT((HOUR(E8-D8)*60+MINUTE(E8-D8))/6)/10 -> 3 | G8: 数字化开发加班
A9: 45556 | B9: =IF(A9="","",A9) -> 45556 | C9: 1 | D9: 0.33333333 | E9: 0.70833333 | F9: 8 | G9: 数字化开发加班
A10: 45558 | B10: =IF(A10="","",A10) -> 45558 | D10: 0.70833333 | E10: 0.80555556 | F10: =INT((HOUR(E10-D10)*60+MINUTE(E10-D10))/6)/10 -> 2.3 | G10: 数字化开发加班
A11: 45560 | B11: =IF(A11="","",A11) -> 45560 | D11: 0.70833333 | E11: 0.79166667 | F11: =INT((HOUR(E11-D11)*60+MINUTE(E11-D11))/6)/10 -> 2 | G11: 数字化开发加班
B12: =IF(A12="","",A12) | F12: =INT((HOUR(E12-D12)*60+MINUTE(E12-D12))/6)/10 -> 0
B13: =IF(A13="","",A13) | F13: =INT((HOUR(E13-D13)*60+MINUTE(E13-D13))/6)/10 -> 0
B14: =IF(A14="","",A14) | F14: =INT((HOUR(E14-D14)*60+MINUTE(E14-D14))/6)/10 -> 0
B15: =IF(A15="","",A15) | F15: =INT((HOUR(E15-D15)*60+MINUTE(E15-D15))/6)/10 -> 0
B16: =IF(A16="","",A16) | F16: =INT((HOUR(E16-D16)*60+MINUTE(E16-D16))/6)/10 -> 0
B17: =IF(A17="","",A17) | F17: =INT((HOUR(E17-D17)*60+MINUTE(E17-D17))/6)/10 -> 0
B18: =IF(A18="","",A18) | F18: =INT((HOUR(E18-D18)*60+MINUTE(E18-D18))/6)/10 -> 0
B19: =IF(A19="","",A19) | F19: =INT((HOUR(E19-D19)*60+MINUTE(E19-D19))/6)/10 -> 0
B20: =IF(A20="","",A20) | F20: =INT((HOUR(E20-D20)*60+MINUTE(E20-D20))/6)/10 -> 0
A21: 合计（H） | F21: =SUM(F4:F20) -> 28.8
A22: 平时加班合计（H） | F22: =SUMIF($C$4:$C$20,"",F4:F20)-3.5 -> 7.3
A23: 假日加班合计（H） | F23: =SUMIF($C$4:$C$20,"1",F4:F20) -> 18

Sheet 黄初旺
A1: 资讯课加班表
A2: 姓名：黄初旺 | E2: 备注：节日用1表示，非节日留空
A3: 日期 | B3: 星期 | C3: 节日 | D3: 开始时间 | E3: 结束时间 | F3: 加班时长(H) | G3: 加班原因
A4: 45537 | B4: =IF(A4="","",A4) -> 45537 | D4: 0.70833333 | E4: 0.79166667 | F4: =INT((HOUR(E4-D4)*60+MINUTE(E4-D4))/6)/10 -> 2 | G4: 程序开发
A5: 45539 | B5: =IF(A5="","",A5) -> 45539 | D5: 0.70833333 | E5: 0.75 | F5: =INT((HOUR(E5-D5)*60+MINUTE(E5-D5))/6)/10-0.5 -> 0.5 | G5: 程序开发
A6: 45544 | B6: =IF(A6="","",A6) -> 45544 | D6: 0.70833333 | E6: 0.75 | F6: =INT((HOUR(E6-D6)*60+MINUTE(E6-D6))/6)/10 -> 1 | G6: 程序开发
A7: 45553 | B7: =IF(A7="","",A7) -> 45553 | D7: 0.70833333 | E7: 0.8125 | F7: =INT((HOUR(E7-D7)*60+MINUTE(E7-D7))/6)/10 -> 2.5 | G7: 数字化开发
A8: 45558 | B8: =IF(A8="","",A8) -> 45558 | D8: 0.70833333 | E8: 0.8125 | F8: =INT((HOUR(E8-D8)*60+MINUTE(E8-D8))/6)/10 -> 2.5 | G8: 程序开发
A9: 45560 | B9: =IF(A9="","",A9) -> 45560 | D9: 0.70833333 | E9: 0.79166667 | F9: =INT((HOUR(E9-D9)*60+MINUTE(E9-D9))/6)/10 -> 2 | G9: 程序开发
B10: =IF(A10="","",A10) | F10: =INT((HOUR(E10-D10)*60+MINUTE(E10-D10))/6)/10 -> 0
B11: =IF(A11="","",A11) | F11: =INT((HOUR(E11-D11)*60+MINUTE(E11-D11))/6)/10 -> 0
B12: =IF(A12="","",A12) | F12: =INT((HOUR(E12-D12)*60+MINUTE(E12-D12))/6)/10 -> 0
B13: =IF(A13="","",A13) | F13: =INT((HOUR(E13-D13)*60+MINUTE(E13-D13))/6)/10 -> 0
B14: =IF(A14="","",A14) | F14: =INT((HOUR(E14-D14)*60+MINUTE(E14-D14))/6)/10 -> 0
B15: =IF(A15="","",A15) | F15: =INT((HOUR(E15-D15)*60+MINUTE(E15-D15))/6)/10 -> 0
B16: =IF(A16="","",A16) | F16: =INT((HOUR(E16-D16)*60+MINUTE(E16-D16))/6)/10 -> 0
B17: =IF(A17="","",A17) | F17: =INT((HOUR(E17-D17)*60+MINUTE(E17-D17))/6)/10 -> 0
B18: =IF(A18="","",A18)
A19: 合计（H） | F19: =SUM(F4:F18) -> 10.5
A20: 平时加班合计（H） | F20: =SUMIF($C$4:$C$18,"",F4:F18) -> 10.5
A21: 假日加班合计（H） | F21: =SUMIF($C$4:$C$18,"1",F4:F18) -> 0
